Mozilla/5.0 (Macintosh; Intel Mac OS X 10_13_4) AppleWebKit/537.36 (KHTML like Gecko) Chrome/67.0.3396.99 Safari/537.36,2018-08-16T02:26:56.990Z,GET,/,1.1,200
Mozilla/5.0 (Macintosh; Intel Mac OS X 10_13_4) AppleWebKit/537.36 (KHTML like Gecko) Chrome/67.0.3396.99 Safari/537.36,2018-08-16T02:27:18.929Z,GET,/,1.1,200
Mozilla/5.0 (Macintosh; Intel Mac OS X 10_13_4) AppleWebKit/537.36 (KHTML like Gecko) Chrome/67.0.3396.99 Safari/537.36,2018-08-16T02:27:30.267Z,GET,/logs,1.1,200
Mozilla/5.0 (Macintosh; Intel Mac OS X 10_13_4) AppleWebKit/537.36 (KHTML like Gecko) Chrome/67.0.3396.99 Safari/537.36,2018-08-16T02:31:24.125Z,GET,/logs,1.1,200
Mozilla/5.0 (Macintosh; Intel Mac OS X 10_13_4) AppleWebKit/537.36 (KHTML like Gecko) Chrome/67.0.3396.99 Safari/537.36,2018-08-16T02:45:57.781Z,GET,/logs,1.1,200
Mozilla/5.0 (Macintosh; Intel Mac OS X 10_13_4) AppleWebKit/537.36 (KHTML like Gecko) Chrome/67.0.3396.99 Safari/537.36,2018-08-16T02:47:56.866Z,GET,/logs,1.1,200
node-superagent/3.8.3,2018-08-16T02:48:40.544Z,GET,/,1.1,200
node-superagent/3.8.3,2018-08-16T02:48:40.593Z,GET,/,1.1,200
node-superagent/3.8.3,2018-08-16T02:48:40.602Z,GET,/,1.1,200
node-superagent/3.8.3,2018-08-16T02:48:40.613Z,GET,/,1.1,200
node-superagent/3.8.3,2018-08-16T02:48:40.616Z,GET,/,1.1,200
node-superagent/3.8.3,2018-08-16T02:48:40.621Z,GET,/,1.1,200
node-superagent/3.8.3,2018-08-16T02:48:40.629Z,GET,/,1.1,200
node-superagent/3.8.3,2018-08-16T02:48:40.634Z,GET,/,1.1,200
node-superagent/3.8.3,2018-08-16T02:48:40.642Z,GET,/logs,1.1,200
node-superagent/3.8.3,2018-08-16T02:48:40.650Z,GET,/logs,1.1,200
node-superagent/3.8.3,2018-08-16T02:52:33.558Z,GET,/,1.1,200
node-superagent/3.8.3,2018-08-16T02:52:33.585Z,GET,/,1.1,200
node-superagent/3.8.3,2018-08-16T02:52:33.592Z,GET,/,1.1,200
node-superagent/3.8.3,2018-08-16T02:52:33.600Z,GET,/,1.1,200
node-superagent/3.8.3,2018-08-16T02:52:33.604Z,GET,/,1.1,200
node-superagent/3.8.3,2018-08-16T02:52:33.608Z,GET,/,1.1,200
node-superagent/3.8.3,2018-08-16T02:52:33.613Z,GET,/,1.1,200
node-superagent/3.8.3,2018-08-16T02:52:33.617Z,GET,/,1.1,200
node-superagent/3.8.3,2018-08-16T02:52:33.623Z,GET,/logs,1.1,200
node-superagent/3.8.3,2018-08-16T02:52:33.629Z,GET,/logs,1.1,200
node-superagent/3.8.3,2018-08-16T02:54:03.616Z,GET,/,1.1,200
node-superagent/3.8.3,2018-08-16T02:54:03.653Z,GET,/,1.1,200
node-superagent/3.8.3,2018-08-16T02:54:03.663Z,GET,/,1.1,200
node-superagent/3.8.3,2018-08-16T02:54:03.672Z,GET,/,1.1,200
node-superagent/3.8.3,2018-08-16T02:54:03.677Z,GET,/,1.1,200
node-superagent/3.8.3,2018-08-16T02:54:03.680Z,GET,/,1.1,200
node-superagent/3.8.3,2018-08-16T02:54:03.685Z,GET,/,1.1,200
node-superagent/3.8.3,2018-08-16T02:54:03.691Z,GET,/logs,1.1,200
node-superagent/3.8.3,2018-08-16T02:54:03.696Z,GET,/logs,1.1,200
node-superagent/3.8.3,2018-08-16T02:54:23.613Z,GET,/,1.1,200
node-superagent/3.8.3,2018-08-16T02:54:23.632Z,GET,/,1.1,200
node-superagent/3.8.3,2018-08-16T02:54:23.638Z,GET,/,1.1,200
node-superagent/3.8.3,2018-08-16T02:54:23.646Z,GET,/,1.1,200
node-superagent/3.8.3,2018-08-16T02:54:23.649Z,GET,/,1.1,200
node-superagent/3.8.3,2018-08-16T02:54:23.652Z,GET,/,1.1,200
node-superagent/3.8.3,2018-08-16T02:54:23.656Z,GET,/,1.1,200
node-superagent/3.8.3,2018-08-16T02:54:23.661Z,GET,/logs,1.1,200
node-superagent/3.8.3,2018-08-16T02:54:23.665Z,GET,/logs,1.1,200
node-superagent/3.8.3,2018-08-16T02:54:41.760Z,GET,/,1.1,200
node-superagent/3.8.3,2018-08-16T02:54:41.778Z,GET,/,1.1,200
node-superagent/3.8.3,2018-08-16T02:54:41.784Z,GET,/,1.1,200
node-superagent/3.8.3,2018-08-16T02:54:41.791Z,GET,/,1.1,200
node-superagent/3.8.3,2018-08-16T02:54:41.794Z,GET,/,1.1,200
node-superagent/3.8.3,2018-08-16T02:54:41.797Z,GET,/,1.1,200
node-superagent/3.8.3,2018-08-16T02:54:41.803Z,GET,/,1.1,200
node-superagent/3.8.3,2018-08-16T02:54:41.807Z,GET,/,1.1,200
node-superagent/3.8.3,2018-08-16T02:54:41.811Z,GET,/logs,1.1,200
node-superagent/3.8.3,2018-08-16T02:54:41.817Z,GET,/logs,1.1,200
node-superagent/3.8.3,2018-08-16T02:57:27.513Z,GET,/,1.1,200
node-superagent/3.8.3,2018-08-16T02:57:27.549Z,GET,/,1.1,200
node-superagent/3.8.3,2018-08-16T02:57:27.556Z,GET,/,1.1,200
node-superagent/3.8.3,2018-08-16T02:57:27.566Z,GET,/,1.1,200
node-superagent/3.8.3,2018-08-16T02:57:27.569Z,GET,/,1.1,200
node-superagent/3.8.3,2018-08-16T02:57:27.573Z,GET,/,1.1,200
node-superagent/3.8.3,2018-08-16T02:57:27.581Z,GET,/,1.1,200
node-superagent/3.8.3,2018-08-16T02:57:27.585Z,GET,/,1.1,200
node-superagent/3.8.3,2018-08-16T02:57:27.591Z,GET,/logs,1.1,200
node-superagent/3.8.3,2018-08-16T02:57:27.597Z,GET,/logs,1.1,200
Mozilla/5.0 (Macintosh; Intel Mac OS X 10_13_4) AppleWebKit/537.36 (KHTML like Gecko) Chrome/67.0.3396.99 Safari/537.36,2018-08-16T03:04:08.390Z,GET,/logs,1.1,200
Mozilla/5.0 (Macintosh; Intel Mac OS X 10_13_4) AppleWebKit/537.36 (KHTML like Gecko) Chrome/67.0.3396.99 Safari/537.36,2018-08-16T03:04:21.618Z,GET,/logs,1.1,200
Mozilla/5.0 (Macintosh; Intel Mac OS X 10_13_4) AppleWebKit/537.36 (KHTML like Gecko) Chrome/67.0.3396.99 Safari/537.36,2018-08-16T03:04:23.432Z,GET,/logs,1.1,200
node-superagent/3.8.3,2018-08-16T03:07:01.751Z,GET,/,HTTP/undefined,200
node-superagent/3.8.3,2018-08-16T03:07:01.783Z,GET,/,HTTP/undefined,200
node-superagent/3.8.3,2018-08-16T03:07:01.789Z,GET,/,HTTP/undefined,200
node-superagent/3.8.3,2018-08-16T03:07:01.795Z,GET,/,HTTP/undefined,200
node-superagent/3.8.3,2018-08-16T03:07:01.799Z,GET,/,HTTP/undefined,200
node-superagent/3.8.3,2018-08-16T03:07:01.802Z,GET,/,HTTP/undefined,200
node-superagent/3.8.3,2018-08-16T03:07:01.806Z,GET,/,HTTP/undefined,200
node-superagent/3.8.3,2018-08-16T03:07:01.810Z,GET,/,HTTP/undefined,200
node-superagent/3.8.3,2018-08-16T03:07:01.815Z,GET,/logs,HTTP/undefined,200
node-superagent/3.8.3,2018-08-16T03:07:01.821Z,GET,/logs,HTTP/undefined,200
node-superagent/3.8.3,2018-08-16T03:08:35.017Z,GET,/,HTTP/undefined,200
node-superagent/3.8.3,2018-08-16T03:08:35.044Z,GET,/,HTTP/undefined,200
node-superagent/3.8.3,2018-08-16T03:08:35.050Z,GET,/,HTTP/undefined,200
node-superagent/3.8.3,2018-08-16T03:08:35.058Z,GET,/,HTTP/undefined,200
node-superagent/3.8.3,2018-08-16T03:08:35.061Z,GET,/,HTTP/undefined,200
node-superagent/3.8.3,2018-08-16T03:08:35.064Z,GET,/,HTTP/undefined,200
node-superagent/3.8.3,2018-08-16T03:08:35.071Z,GET,/,HTTP/undefined,200
node-superagent/3.8.3,2018-08-16T03:08:35.074Z,GET,/,HTTP/undefined,200
node-superagent/3.8.3,2018-08-16T03:08:35.080Z,GET,/logs,HTTP/undefined,200
node-superagent/3.8.3,2018-08-16T03:08:35.086Z,GET,/logs,HTTP/undefined,200
node-superagent/3.8.3,2018-08-16T03:09:08.101Z,GET,/,HTTP/1.1,200
node-superagent/3.8.3,2018-08-16T03:09:08.126Z,GET,/,HTTP/1.1,200
node-superagent/3.8.3,2018-08-16T03:09:08.133Z,GET,/,HTTP/1.1,200
node-superagent/3.8.3,2018-08-16T03:09:08.141Z,GET,/,HTTP/1.1,200
node-superagent/3.8.3,2018-08-16T03:09:08.144Z,GET,/,HTTP/1.1,200
node-superagent/3.8.3,2018-08-16T03:09:08.148Z,GET,/,HTTP/1.1,200
node-superagent/3.8.3,2018-08-16T03:09:08.151Z,GET,/,HTTP/1.1,200
node-superagent/3.8.3,2018-08-16T03:09:08.154Z,GET,/,HTTP/1.1,200
node-superagent/3.8.3,2018-08-16T03:09:08.160Z,GET,/logs,HTTP/1.1,200
node-superagent/3.8.3,2018-08-16T03:09:08.165Z,GET,/logs,HTTP/1.1,200
node-superagent/3.8.3,2018-08-16T03:09:19.808Z,GET,/,HTTP/1.1,200
node-superagent/3.8.3,2018-08-16T03:09:19.829Z,GET,/,HTTP/1.1,200
node-superagent/3.8.3,2018-08-16T03:09:19.835Z,GET,/,HTTP/1.1,200
node-superagent/3.8.3,2018-08-16T03:09:19.842Z,GET,/,HTTP/1.1,200
node-superagent/3.8.3,2018-08-16T03:09:19.846Z,GET,/,HTTP/1.1,200
node-superagent/3.8.3,2018-08-16T03:09:19.849Z,GET,/,HTTP/1.1,200
node-superagent/3.8.3,2018-08-16T03:09:19.852Z,GET,/,HTTP/1.1,200
node-superagent/3.8.3,2018-08-16T03:09:19.856Z,GET,/,HTTP/1.1,200
node-superagent/3.8.3,2018-08-16T03:09:19.861Z,GET,/logs,HTTP/1.1,200
node-superagent/3.8.3,2018-08-16T03:09:19.867Z,GET,/logs,HTTP/1.1,200
